{
  "name": "bnb",
  "data": [

{
    "option_id": "434",
    "option_name": "options_portfolio_lightbox_disable",
    "option_value": "1",
    "autoload": "no"
},
{
    "option_id": "435",
    "option_name": "_options_portfolio_lightbox_disable",
    "option_value": "field_5f58eee9befad",
    "autoload": "no"
},
{
    "option_id": "436",
    "option_name": "options_header_template",
    "option_value": "275",
    "autoload": "no"
},
{
    "option_id": "437",
    "option_name": "_options_header_template",
    "option_value": "field_6089393f75103",
    "autoload": "no"
},
{
    "option_id": "438",
    "option_name": "options_footer_template",
    "option_value": "831",
    "autoload": "no"
},
{
    "option_id": "439",
    "option_name": "_options_footer_template",
    "option_value": "field_608939d275104",
    "autoload": "no"
},
{
    "option_id": "440",
    "option_name": "options_social_links",
    "option_value": "5",
    "autoload": "no"
},
{
    "option_id": "441",
    "option_name": "_options_social_links",
    "option_value": "field_608bd4e64a505",
    "autoload": "no"
},
{
    "option_id": "442",
    "option_name": "options_post_page",
    "option_value": "713",
    "autoload": "no"
},
{
    "option_id": "443",
    "option_name": "_options_post_page",
    "option_value": "field_5f588f84087e0",
    "autoload": "no"
},
{
    "option_id": "444",
    "option_name": "options_blog_featured_img",
    "option_value": "0",
    "autoload": "no"
},
{
    "option_id": "445",
    "option_name": "_options_blog_featured_img",
    "option_value": "field_5ee8e1ce18975",
    "autoload": "no"
},
{
    "option_id": "446",
    "option_name": "options_social_share",
    "option_value": "a:5:{i:0;s:8:'facebook';i:1;s:7:'twitter';i:2;s:8:'linkedin';i:3;s:6:'reddit';i:4;s:9:'pinterest';}",
    "autoload": "no"
},
{
    "option_id": "447",
    "option_name": "_options_social_share",
    "option_value": "field_5c610c399cf20",
    "autoload": "no"
},
{
    "option_id": "448",
    "option_name": "options_p404_title",
    "option_value": "Oops! Where are we?",
    "autoload": "no"
},
{
    "option_id": "449",
    "option_name": "_options_p404_title",
    "option_value": "field_5d180fd559b7f",
    "autoload": "no"
},
{
    "option_id": "450",
    "option_name": "options_p404_content",
    "option_value": "Page not Found! The page you are looking for was moved, removed,\r\nrenamed or might never existed.",
    "autoload": "no"
},
{
    "option_id": "451",
    "option_name": "_options_p404_content",
    "option_value": "field_5d180feb59b80",
    "autoload": "no"
},
{
    "option_id": "452",
    "option_name": "options_preloader",
    "option_value": "0",
    "autoload": "no"
},
{
    "option_id": "453",
    "option_name": "_options_preloader",
    "option_value": "field_61ba955b6c47a",
    "autoload": "no"
},
{
    "option_id": "454",
    "option_name": "options_preloader_counter",
    "option_value": "1",
    "autoload": "no"
},
{
    "option_id": "455",
    "option_name": "_options_preloader_counter",
    "option_value": "field_61ba99596c47d",
    "autoload": "no"
},
{
    "option_id": "456",
    "option_name": "options_preloader_logo",
    "option_value": "3107",
    "autoload": "no"
},
{
    "option_id": "457",
    "option_name": "_options_preloader_logo",
    "option_value": "field_61ba98826c47b",
    "autoload": "no"
},
{
    "option_id": "458",
    "option_name": "options_social_links_0_icon",
    "option_value": "fab fa-twitter",
    "autoload": "no"
},
{
    "option_id": "459",
    "option_name": "_options_social_links_0_icon",
    "option_value": "field_608bd4f94a506",
    "autoload": "no"
},
{
    "option_id": "460",
    "option_name": "options_social_links_0_title",
    "option_value": "Twitter",
    "autoload": "no"
},
{
    "option_id": "461",
    "option_name": "_options_social_links_0_title",
    "option_value": "field_608bd5364a507",
    "autoload": "no"
},
{
    "option_id": "462",
    "option_name": "options_social_links_0_url",
    "option_value": "https:\/\/twitter.com\/",
    "autoload": "no"
},
{
    "option_id": "463",
    "option_name": "_options_social_links_0_url",
    "option_value": "field_608bd53d4a508",
    "autoload": "no"
},
{
    "option_id": "464",
    "option_name": "options_social_links_1_icon",
    "option_value": "fab fa-facebook-f",
    "autoload": "no"
},
{
    "option_id": "465",
    "option_name": "_options_social_links_1_icon",
    "option_value": "field_608bd4f94a506",
    "autoload": "no"
},
{
    "option_id": "466",
    "option_name": "options_social_links_1_title",
    "option_value": "Facebook",
    "autoload": "no"
},
{
    "option_id": "467",
    "option_name": "_options_social_links_1_title",
    "option_value": "field_608bd5364a507",
    "autoload": "no"
},
{
    "option_id": "468",
    "option_name": "options_social_links_1_url",
    "option_value": "https:\/\/facebook.com\/",
    "autoload": "no"
},
{
    "option_id": "469",
    "option_name": "_options_social_links_1_url",
    "option_value": "field_608bd53d4a508",
    "autoload": "no"
},
{
    "option_id": "470",
    "option_name": "options_social_links_2_icon",
    "option_value": "fab fa-youtube",
    "autoload": "no"
},
{
    "option_id": "471",
    "option_name": "_options_social_links_2_icon",
    "option_value": "field_608bd4f94a506",
    "autoload": "no"
},
{
    "option_id": "472",
    "option_name": "options_social_links_2_title",
    "option_value": "Youtube",
    "autoload": "no"
},
{
    "option_id": "473",
    "option_name": "_options_social_links_2_title",
    "option_value": "field_608bd5364a507",
    "autoload": "no"
},
{
    "option_id": "474",
    "option_name": "options_social_links_2_url",
    "option_value": "https:\/\/youtube.com\/",
    "autoload": "no"
},
{
    "option_id": "475",
    "option_name": "_options_social_links_2_url",
    "option_value": "field_608bd53d4a508",
    "autoload": "no"
},
{
    "option_id": "476",
    "option_name": "options_social_links_3_icon",
    "option_value": "fab fa-instagram",
    "autoload": "no"
},
{
    "option_id": "477",
    "option_name": "_options_social_links_3_icon",
    "option_value": "field_608bd4f94a506",
    "autoload": "no"
},
{
    "option_id": "478",
    "option_name": "options_social_links_3_title",
    "option_value": "Instagram",
    "autoload": "no"
},
{
    "option_id": "479",
    "option_name": "_options_social_links_3_title",
    "option_value": "field_608bd5364a507",
    "autoload": "no"
},
{
    "option_id": "480",
    "option_name": "options_social_links_3_url",
    "option_value": "https:\/\/instagram.com\/",
    "autoload": "no"
},
{
    "option_id": "481",
    "option_name": "_options_social_links_3_url",
    "option_value": "field_608bd53d4a508",
    "autoload": "no"
},
{
    "option_id": "482",
    "option_name": "options_social_links_4_icon",
    "option_value": "fab fa-linkedin-in",
    "autoload": "no"
},
{
    "option_id": "483",
    "option_name": "_options_social_links_4_icon",
    "option_value": "field_608bd4f94a506",
    "autoload": "no"
},
{
    "option_id": "484",
    "option_name": "options_social_links_4_title",
    "option_value": "Linkedin",
    "autoload": "no"
},
{
    "option_id": "485",
    "option_name": "_options_social_links_4_title",
    "option_value": "field_608bd5364a507",
    "autoload": "no"
},
{
    "option_id": "486",
    "option_name": "options_social_links_4_url",
    "option_value": "https:\/\/linkedin.com\/",
    "autoload": "no"
},
{
    "option_id": "487",
    "option_name": "_options_social_links_4_url",
    "option_value": "field_608bd53d4a508",
    "autoload": "no"
},
{
    "option_id": "488",
    "option_name": "options_rooms_page",
    "option_value": "",
    "autoload": "no"
},
{
    "option_id": "489",
    "option_name": "_options_rooms_page",
    "option_value": "field_61c29b4197864",
    "autoload": "no"
},
{
    "option_id": "490",
    "option_name": "options_rooms_popup_enable",
    "option_value": "1",
    "autoload": "no"
},
{
    "option_id": "491",
    "option_name": "_options_rooms_popup_enable",
    "option_value": "field_61c512f3f2f4d",
    "autoload": "no"
},
{
    "option_id": "492",
    "option_name": "options_rooms_popup_args_title",
    "option_value": "Search Room",
    "autoload": "no"
},
{
    "option_id": "493",
    "option_name": "_options_rooms_popup_args_title",
    "option_value": "field_61c5136bf2f4f",
    "autoload": "no"
},
{
    "option_id": "494",
    "option_name": "options_rooms_popup_args_id",
    "option_value": "booknow",
    "autoload": "no"
},
{
    "option_id": "495",
    "option_name": "_options_rooms_popup_args_id",
    "option_value": "field_61c51377f2f50",
    "autoload": "no"
},
{
    "option_id": "496",
    "option_name": "options_rooms_popup_args_adults",
    "option_value": "1",
    "autoload": "no"
},
{
    "option_id": "497",
    "option_name": "_options_rooms_popup_args_adults",
    "option_value": "field_61c513b3f2f51",
    "autoload": "no"
},
{
    "option_id": "498",
    "option_name": "options_rooms_popup_args_children",
    "option_value": "0",
    "autoload": "no"
},
{
    "option_id": "499",
    "option_name": "_options_rooms_popup_args_children",
    "option_value": "field_61c513c4f2f52",
    "autoload": "no"
},
{
    "option_id": "500",
    "option_name": "options_rooms_popup_args_check_in_date",
    "option_value": "",
    "autoload": "no"
},
{
    "option_id": "501",
    "option_name": "_options_rooms_popup_args_check_in_date",
    "option_value": "field_61c513f8f2f53",
    "autoload": "no"
},
{
    "option_id": "502",
    "option_name": "options_rooms_popup_args_check_out_date",
    "option_value": "",
    "autoload": "no"
},
{
    "option_id": "503",
    "option_name": "_options_rooms_popup_args_check_out_date",
    "option_value": "field_61c5142bf2f54",
    "autoload": "no"
},
{
    "option_id": "504",
    "option_name": "options_rooms_popup_args_attributes",
    "option_value": "",
    "autoload": "no"
},
{
    "option_id": "505",
    "option_name": "_options_rooms_popup_args_attributes",
    "option_value": "field_61c51452f2f55",
    "autoload": "no"
},
{
    "option_id": "506",
    "option_name": "options_rooms_popup_args_class",
    "option_value": "",
    "autoload": "no"
},
{
    "option_id": "507",
    "option_name": "_options_rooms_popup_args_class",
    "option_value": "field_61c514bdf2f56",
    "autoload": "no"
},
{
    "option_id": "508",
    "option_name": "options_rooms_popup_args",
    "option_value": "",
    "autoload": "no"
},
{
    "option_id": "509",
    "option_name": "_options_rooms_popup_args",
    "option_value": "field_61c51318f2f4e",
    "autoload": "no"
},
{
    "option_id": "510",
    "option_name": "options_rooms_list_args",
    "option_value": "",
    "autoload": "no"
},
{
    "option_id": "511",
    "option_name": "_options_rooms_list_args",
    "option_value": "field_61c5153c1c966",
    "autoload": "no"
},
{
    "option_id": "512",
    "option_name": "options_rooms_list_args_layout",
    "option_value": "column-3",
    "autoload": "no"
},
{
    "option_id": "513",
    "option_name": "_options_rooms_list_args_layout",
    "option_value": "field_61c515fb1c967",
    "autoload": "no"
},
{
    "option_id": "514",
    "option_name": "options_rooms_list_args_title",
    "option_value": "1",
    "autoload": "no"
},
{
    "option_id": "515",
    "option_name": "_options_rooms_list_args_title",
    "option_value": "field_61c516571c968",
    "autoload": "no"
},
{
    "option_id": "516",
    "option_name": "options_rooms_list_args_featured_image",
    "option_value": "1",
    "autoload": "no"
},
{
    "option_id": "517",
    "option_name": "_options_rooms_list_args_featured_image",
    "option_value": "field_61c516981c969",
    "autoload": "no"
},
{
    "option_id": "518",
    "option_name": "options_rooms_list_args_gallery",
    "option_value": "0",
    "autoload": "no"
},
{
    "option_id": "519",
    "option_name": "_options_rooms_list_args_gallery",
    "option_value": "field_61c516bc1c96a",
    "autoload": "no"
},
{
    "option_id": "520",
    "option_name": "options_rooms_list_args_excerpt",
    "option_value": "1",
    "autoload": "no"
},
{
    "option_id": "521",
    "option_name": "_options_rooms_list_args_excerpt",
    "option_value": "field_61c516d91c96b",
    "autoload": "no"
},
{
    "option_id": "522",
    "option_name": "options_rooms_list_args_details",
    "option_value": "1",
    "autoload": "no"
},
{
    "option_id": "523",
    "option_name": "_options_rooms_list_args_details",
    "option_value": "field_61c517031c96c",
    "autoload": "no"
},
{
    "option_id": "524",
    "option_name": "options_rooms_list_args_details_capacity",
    "option_value": "1",
    "autoload": "no"
},
{
    "option_id": "525",
    "option_name": "_options_rooms_list_args_details_capacity",
    "option_value": "field_61c5172d1c96d",
    "autoload": "no"
},
{
    "option_id": "526",
    "option_name": "options_rooms_list_args_details_children",
    "option_value": "0",
    "autoload": "no"
},
{
    "option_id": "527",
    "option_name": "_options_rooms_list_args_details_children",
    "option_value": "field_61c5176c1c96e",
    "autoload": "no"
},
{
    "option_id": "528",
    "option_name": "options_rooms_list_args_details_amenity",
    "option_value": "0",
    "autoload": "no"
},
{
    "option_id": "529",
    "option_name": "_options_rooms_list_args_details_amenity",
    "option_value": "field_61c5176f1c96f",
    "autoload": "no"
},
{
    "option_id": "530",
    "option_name": "options_rooms_list_args_details_size",
    "option_value": "1",
    "autoload": "no"
},
{
    "option_id": "531",
    "option_name": "_options_rooms_list_args_details_size",
    "option_value": "field_61c517701c970",
    "autoload": "no"
},
{
    "option_id": "532",
    "option_name": "options_rooms_list_args_details_category",
    "option_value": "0",
    "autoload": "no"
},
{
    "option_id": "533",
    "option_name": "_options_rooms_list_args_details_category",
    "option_value": "field_61c517f51c971",
    "autoload": "no"
},
{
    "option_id": "534",
    "option_name": "options_rooms_list_args_details_attributes",
    "option_value": "0",
    "autoload": "no"
},
{
    "option_id": "535",
    "option_name": "_options_rooms_list_args_details_attributes",
    "option_value": "field_61c518181c972",
    "autoload": "no"
},
{
    "option_id": "536",
    "option_name": "options_rooms_list_args_details_view",
    "option_value": "0",
    "autoload": "no"
},
{
    "option_id": "537",
    "option_name": "_options_rooms_list_args_details_view",
    "option_value": "field_61c5182e1c973",
    "autoload": "no"
},
{
    "option_id": "538",
    "option_name": "options_rooms_list_args_details_bed_type",
    "option_value": "0",
    "autoload": "no"
},
{
    "option_id": "539",
    "option_name": "_options_rooms_list_args_details_bed_type",
    "option_value": "field_61c5183e1c974",
    "autoload": "no"
},
{
    "option_id": "540",
    "option_name": "options_rooms_list_args_price",
    "option_value": "1",
    "autoload": "no"
},
{
    "option_id": "541",
    "option_name": "_options_rooms_list_args_price",
    "option_value": "field_61c5186f1c976",
    "autoload": "no"
},
{
    "option_id": "542",
    "option_name": "options_rooms_list_args_view_button",
    "option_value": "0",
    "autoload": "no"
},
{
    "option_id": "543",
    "option_name": "_options_rooms_list_args_view_button",
    "option_value": "field_61c518861c977",
    "autoload": "no"
},
{
    "option_id": "544",
    "option_name": "options_rooms_list_args_book_button",
    "option_value": "1",
    "autoload": "no"
},
{
    "option_id": "545",
    "option_name": "_options_rooms_list_args_book_button",
    "option_value": "field_61c518a81c978",
    "autoload": "no"
},
{
    "option_id": "546",
    "option_name": "options_p404_button",
    "option_value": "Back to Home",
    "autoload": "no"
},
{
    "option_id": "547",
    "option_name": "_options_p404_button",
    "option_value": "field_61c561cb7b6e5",
    "autoload": "no"
},
{
    "option_id": "548",
    "option_name": "options_services_page",
    "option_value": "1815",
    "autoload": "no"
},
{
    "option_id": "549",
    "option_name": "_options_services_page",
    "option_value": "field_61c681c4e5737",
    "autoload": "no"
},
{
    "option_id": "550",
    "option_name": "options_services_list_args_layout",
    "option_value": "column-3",
    "autoload": "no"
},
{
    "option_id": "551",
    "option_name": "_options_services_list_args_layout",
    "option_value": "field_61c68494522fb",
    "autoload": "no"
},
{
    "option_id": "552",
    "option_name": "options_services_list_args_title",
    "option_value": "1",
    "autoload": "no"
},
{
    "option_id": "553",
    "option_name": "_options_services_list_args_title",
    "option_value": "field_61c68494522fc",
    "autoload": "no"
},
{
    "option_id": "554",
    "option_name": "options_services_list_args_excerpt",
    "option_value": "1",
    "autoload": "no"
},
{
    "option_id": "555",
    "option_name": "_options_services_list_args_excerpt",
    "option_value": "field_61c68494522ff",
    "autoload": "no"
},
{
    "option_id": "556",
    "option_name": "options_services_list_args_price",
    "option_value": "1",
    "autoload": "no"
},
{
    "option_id": "557",
    "option_name": "_options_services_list_args_price",
    "option_value": "field_61c6849452309",
    "autoload": "no"
},
{
    "option_id": "558",
    "option_name": "options_services_list_args_view_button",
    "option_value": "1",
    "autoload": "no"
},
{
    "option_id": "559",
    "option_name": "_options_services_list_args_view_button",
    "option_value": "field_61c684945230a",
    "autoload": "no"
},
{
    "option_id": "560",
    "option_name": "options_theme_scrolling",
    "option_value": "0",
    "autoload": "no"
},
{
    "option_id": "561",
    "option_name": "_options_theme_scrolling",
    "option_value": "field_61ca9b32d627c",
    "autoload": "no"
},
{
    "option_id": "562",
    "option_name": "options_background_svg",
    "option_value": "0",
    "autoload": "no"
},
{
    "option_id": "563",
    "option_name": "_options_background_svg",
    "option_value": "field_61d38d7a94a44",
    "autoload": "no"
},
{
    "option_id": "564",
    "option_name": "options_blog_list_args_sidebar",
    "option_value": "0",
    "autoload": "no"
},
{
    "option_id": "565",
    "option_name": "_options_blog_list_args_sidebar",
    "option_value": "field_61d3a510355ed",
    "autoload": "no"
},
{
    "option_id": "566",
    "option_name": "options_blog_list_args_layout",
    "option_value": "column-3",
    "autoload": "no"
},
{
    "option_id": "567",
    "option_name": "_options_blog_list_args_layout",
    "option_value": "field_61d3a23be58df",
    "autoload": "no"
},
{
    "option_id": "568",
    "option_name": "options_blog_list_args_featured",
    "option_value": "1",
    "autoload": "no"
},
{
    "option_id": "569",
    "option_name": "_options_blog_list_args_featured",
    "option_value": "field_61d3a36c355ec",
    "autoload": "no"
},
{
    "option_id": "570",
    "option_name": "options_blog_list_args_details",
    "option_value": "1",
    "autoload": "no"
},
{
    "option_id": "571",
    "option_name": "_options_blog_list_args_details",
    "option_value": "field_61d3a570355ee",
    "autoload": "no"
},
{
    "option_id": "572",
    "option_name": "options_blog_list_args_details_author",
    "option_value": "1",
    "autoload": "no"
},
{
    "option_id": "573",
    "option_name": "_options_blog_list_args_details_author",
    "option_value": "field_61d3a5a3355ef",
    "autoload": "no"
},
{
    "option_id": "574",
    "option_name": "options_blog_list_args_details_date",
    "option_value": "1",
    "autoload": "no"
},
{
    "option_id": "575",
    "option_name": "_options_blog_list_args_details_date",
    "option_value": "field_61d3a5cc355f0",
    "autoload": "no"
},
{
    "option_id": "576",
    "option_name": "options_blog_list_args_title",
    "option_value": "1",
    "autoload": "no"
},
{
    "option_id": "577",
    "option_name": "_options_blog_list_args_title",
    "option_value": "field_61d3a23be58e0",
    "autoload": "no"
},
{
    "option_id": "578",
    "option_name": "options_blog_list_args_excerpt",
    "option_value": "1",
    "autoload": "no"
},
{
    "option_id": "579",
    "option_name": "_options_blog_list_args_excerpt",
    "option_value": "field_61d3a23be58e1",
    "autoload": "no"
},
{
    "option_id": "580",
    "option_name": "options_blog_list_args_view_button",
    "option_value": "0",
    "autoload": "no"
},
{
    "option_id": "581",
    "option_name": "_options_blog_list_args_view_button",
    "option_value": "field_61d3a23be58e3",
    "autoload": "no"
},
{
    "option_id": "582",
    "option_name": "options_blog_list_args_featured_image",
    "option_value": "1",
    "autoload": "no"
},
{
    "option_id": "583",
    "option_name": "_options_blog_list_args_featured_image",
    "option_value": "field_61d3a36c355ec",
    "autoload": "no"
},
{
    "option_id": "584",
    "option_name": "options_blog_list_args_categories",
    "option_value": "0",
    "autoload": "no"
},
{
    "option_id": "585",
    "option_name": "_options_blog_list_args_categories",
    "option_value": "field_61d3aa45ff1c1",
    "autoload": "no"
},
{
    "option_id": "624",
    "option_name": "options_accent_color1",
    "option_value": "#b78d56",
    "autoload": "no"
},
{
    "option_id": "625",
    "option_name": "_options_accent_color1",
    "option_value": "field_5b68d509665d9",
    "autoload": "no"
},
{
    "option_id": "626",
    "option_name": "options_accent_color2",
    "option_value": "#b78d56",
    "autoload": "no"
},
{
    "option_id": "627",
    "option_name": "_options_accent_color2",
    "option_value": "field_61d36bcfc210a",
    "autoload": "no"
},
{
    "option_id": "628",
    "option_name": "options_accent_color3",
    "option_value": "#b78d56",
    "autoload": "no"
},
{
    "option_id": "629",
    "option_name": "_options_accent_color3",
    "option_value": "field_61d36cefc210b",
    "autoload": "no"
},
{
    "option_id": "630",
    "option_name": "options_text_color1",
    "option_value": "#fefefe",
    "autoload": "no"
},
{
    "option_id": "631",
    "option_name": "_options_text_color1",
    "option_value": "field_61d36efdc210e",
    "autoload": "no"
},
{
    "option_id": "632",
    "option_name": "options_text_color2",
    "option_value": "#bfbfbf",
    "autoload": "no"
},
{
    "option_id": "633",
    "option_name": "_options_text_color2",
    "option_value": "field_61d36f03c210f",
    "autoload": "no"
},
{
    "option_id": "634",
    "option_name": "options_text_color3",
    "option_value": "#a9a9a9",
    "autoload": "no"
},
{
    "option_id": "635",
    "option_name": "_options_text_color3",
    "option_value": "field_61d36f08c2110",
    "autoload": "no"
},
{
    "option_id": "636",
    "option_name": "options_bg_color1",
    "option_value": "#121211",
    "autoload": "no"
},
{
    "option_id": "637",
    "option_name": "_options_bg_color1",
    "option_value": "field_61d3723862ec2",
    "autoload": "no"
},
{
    "option_id": "638",
    "option_name": "options_bg_color2",
    "option_value": "#121211",
    "autoload": "no"
},
{
    "option_id": "639",
    "option_name": "_options_bg_color2",
    "option_value": "field_61d3728662ec3",
    "autoload": "no"
},
{
    "option_id": "640",
    "option_name": "options_bg_color3",
    "option_value": "#121211",
    "autoload": "no"
},
{
    "option_id": "641",
    "option_name": "_options_bg_color3",
    "option_value": "field_61d372b262ec4",
    "autoload": "no"
},
{
    "option_id": "642",
    "option_name": "options_text_font_size",
    "option_value": "16",
    "autoload": "no"
},
{
    "option_id": "643",
    "option_name": "_options_text_font_size",
    "option_value": "field_5eea66ad5ad1e",
    "autoload": "no"
},
{
    "option_id": "644",
    "option_name": "options_text_font_weight",
    "option_value": "400",
    "autoload": "no"
},
{
    "option_id": "645",
    "option_name": "_options_text_font_weight",
    "option_value": "field_61d379f4313c0",
    "autoload": "no"
},
{
    "option_id": "646",
    "option_name": "options_text_font_family",
    "option_value": "833",
    "autoload": "no"
},
{
    "option_id": "647",
    "option_name": "_options_text_font_family",
    "option_value": "field_5b68d188906fd",
    "autoload": "no"
},
{
    "option_id": "648",
    "option_name": "options_text_letter_spacing",
    "option_value": "",
    "autoload": "no"
},
{
    "option_id": "649",
    "option_name": "_options_text_letter_spacing",
    "option_value": "field_61d37a92313c2",
    "autoload": "no"
},
{
    "option_id": "650",
    "option_name": "options_heading1_font_size",
    "option_value": "82",
    "autoload": "no"
},
{
    "option_id": "651",
    "option_name": "_options_heading1_font_size",
    "option_value": "field_5eea66185ad1d",
    "autoload": "no"
},
{
    "option_id": "652",
    "option_name": "options_heading1_font_weight",
    "option_value": "500",
    "autoload": "no"
},
{
    "option_id": "653",
    "option_name": "_options_heading1_font_weight",
    "option_value": "field_61d37b951baed",
    "autoload": "no"
},
{
    "option_id": "654",
    "option_name": "options_heading1_font_family",
    "option_value": "238",
    "autoload": "no"
},
{
    "option_id": "655",
    "option_name": "_options_heading1_font_family",
    "option_value": "field_5b68cfc4906fc",
    "autoload": "no"
},
{
    "option_id": "656",
    "option_name": "options_heading1_letter_spacing",
    "option_value": "8",
    "autoload": "no"
},
{
    "option_id": "657",
    "option_name": "_options_heading1_letter_spacing",
    "option_value": "field_61d37c011baee",
    "autoload": "no"
},
{
    "option_id": "658",
    "option_name": "options_heading2_font_size",
    "option_value": "62",
    "autoload": "no"
},
{
    "option_id": "659",
    "option_name": "_options_heading2_font_size",
    "option_value": "field_61d376e1e25fd",
    "autoload": "no"
},
{
    "option_id": "660",
    "option_name": "options_heading2_font_weight",
    "option_value": "400",
    "autoload": "no"
},
{
    "option_id": "661",
    "option_name": "_options_heading2_font_weight",
    "option_value": "field_61d37c271baef",
    "autoload": "no"
},
{
    "option_id": "662",
    "option_name": "options_heading2_font_family",
    "option_value": "238",
    "autoload": "no"
},
{
    "option_id": "663",
    "option_name": "_options_heading2_font_family",
    "option_value": "field_61d376e7e25fe",
    "autoload": "no"
},
{
    "option_id": "664",
    "option_name": "options_heading2_letter_spacing",
    "option_value": "0",
    "autoload": "no"
},
{
    "option_id": "665",
    "option_name": "_options_heading2_letter_spacing",
    "option_value": "field_61d37c451baf0",
    "autoload": "no"
},
{
    "option_id": "666",
    "option_name": "options_heading3_font_size",
    "option_value": "42",
    "autoload": "no"
},
{
    "option_id": "667",
    "option_name": "_options_heading3_font_size",
    "option_value": "field_61d37849e2600",
    "autoload": "no"
},
{
    "option_id": "668",
    "option_name": "options_heading3_font_weight",
    "option_value": "400",
    "autoload": "no"
},
{
    "option_id": "669",
    "option_name": "_options_heading3_font_weight",
    "option_value": "field_61d37c871baf3",
    "autoload": "no"
},
{
    "option_id": "670",
    "option_name": "options_heading3_font_family",
    "option_value": "238",
    "autoload": "no"
},
{
    "option_id": "671",
    "option_name": "_options_heading3_font_family",
    "option_value": "field_61d3782fe25ff",
    "autoload": "no"
},
{
    "option_id": "672",
    "option_name": "options_heading3_letter_spacing",
    "option_value": "0",
    "autoload": "no"
},
{
    "option_id": "673",
    "option_name": "_options_heading3_letter_spacing",
    "option_value": "field_61d37c801baf2",
    "autoload": "no"
},
{
    "option_id": "674",
    "option_name": "options_heading4_font_size",
    "option_value": "32",
    "autoload": "no"
},
{
    "option_id": "675",
    "option_name": "_options_heading4_font_size",
    "option_value": "field_61d37872e2602",
    "autoload": "no"
},
{
    "option_id": "676",
    "option_name": "options_heading4_font_weight",
    "option_value": "400",
    "autoload": "no"
},
{
    "option_id": "677",
    "option_name": "_options_heading4_font_weight",
    "option_value": "field_61d37cd31baf6",
    "autoload": "no"
},
{
    "option_id": "678",
    "option_name": "options_heading4_font_family",
    "option_value": "238",
    "autoload": "no"
},
{
    "option_id": "679",
    "option_name": "_options_heading4_font_family",
    "option_value": "field_61d37861e2601",
    "autoload": "no"
},
{
    "option_id": "680",
    "option_name": "options_heading4_letter_spacing",
    "option_value": "0",
    "autoload": "no"
},
{
    "option_id": "681",
    "option_name": "_options_heading4_letter_spacing",
    "option_value": "field_61d37cce1baf5",
    "autoload": "no"
},
{
    "option_id": "682",
    "option_name": "options_menu_font_size",
    "option_value": "",
    "autoload": "no"
},
{
    "option_id": "683",
    "option_name": "_options_menu_font_size",
    "option_value": "field_5eea67685ad1f",
    "autoload": "no"
},
{
    "option_id": "684",
    "option_name": "options_menu_font_weight",
    "option_value": "400",
    "autoload": "no"
},
{
    "option_id": "685",
    "option_name": "_options_menu_font_weight",
    "option_value": "field_61d37d191baf8",
    "autoload": "no"
},
{
    "option_id": "686",
    "option_name": "options_menu_font_family",
    "option_value": "833",
    "autoload": "no"
},
{
    "option_id": "687",
    "option_name": "_options_menu_font_family",
    "option_value": "field_5eea67ef5ad21",
    "autoload": "no"
},
{
    "option_id": "688",
    "option_name": "options_menu_letter_spacing",
    "option_value": "0",
    "autoload": "no"
},
{
    "option_id": "689",
    "option_name": "_options_menu_letter_spacing",
    "option_value": "field_61d37d1e1baf9",
    "autoload": "no"
},
{
    "option_id": "690",
    "option_name": "options_btn_text_color",
    "option_value": "#fefefe",
    "autoload": "no"
},
{
    "option_id": "691",
    "option_name": "_options_btn_text_color",
    "option_value": "field_61d38349a9101",
    "autoload": "no"
},
{
    "option_id": "692",
    "option_name": "options_btn_bg_color",
    "option_value": "#b78d56",
    "autoload": "no"
},
{
    "option_id": "693",
    "option_name": "_options_btn_bg_color",
    "option_value": "field_61d383aea9102",
    "autoload": "no"
},
{
    "option_id": "694",
    "option_name": "options_btn_border_color",
    "option_value": "#b78d56",
    "autoload": "no"
},
{
    "option_id": "695",
    "option_name": "_options_btn_border_color",
    "option_value": "field_61d383e0a9103",
    "autoload": "no"
},
{
    "option_id": "696",
    "option_name": "options_btn_font_size",
    "option_value": "16",
    "autoload": "no"
},
{
    "option_id": "697",
    "option_name": "_options_btn_font_size",
    "option_value": "field_61d380e4a90fb",
    "autoload": "no"
},
{
    "option_id": "698",
    "option_name": "options_btn_font_weight",
    "option_value": "400",
    "autoload": "no"
},
{
    "option_id": "699",
    "option_name": "_options_btn_font_weight",
    "option_value": "field_61d380eda90fc",
    "autoload": "no"
},
{
    "option_id": "700",
    "option_name": "options_btn_font_family",
    "option_value": "238",
    "autoload": "no"
},
{
    "option_id": "701",
    "option_name": "_options_btn_font_family",
    "option_value": "field_61d380f3a90fd",
    "autoload": "no"
},
{
    "option_id": "702",
    "option_name": "options_btn_letter_spacing",
    "option_value": "0",
    "autoload": "no"
},
{
    "option_id": "703",
    "option_name": "_options_btn_letter_spacing",
    "option_value": "field_61d38119a90fe",
    "autoload": "no"
},
{
    "option_id": "704",
    "option_name": "options_btn_border_size",
    "option_value": "1",
    "autoload": "no"
},
{
    "option_id": "705",
    "option_name": "_options_btn_border_size",
    "option_value": "field_61d3821ba90ff",
    "autoload": "no"
},
{
    "option_id": "706",
    "option_name": "options_btn_border_radius",
    "option_value": "0",
    "autoload": "no"
},
{
    "option_id": "707",
    "option_name": "_options_btn_border_radius",
    "option_value": "field_61d382fba9100",
    "autoload": "no"
},
{
    "option_id": "708",
    "option_name": "options_brc_text_color",
    "option_value": "",
    "autoload": "no"
},
{
    "option_id": "709",
    "option_name": "_options_brc_text_color",
    "option_value": "field_61d529d613b84",
    "autoload": "no"
},
{
    "option_id": "710",
    "option_name": "options_brc_bg_color",
    "option_value": "",
    "autoload": "no"
},
{
    "option_id": "711",
    "option_name": "_options_brc_bg_color",
    "option_value": "field_61d529da13b85",
    "autoload": "no"
},
{
    "option_id": "712",
    "option_name": "options_brc_border_color",
    "option_value": "",
    "autoload": "no"
},
{
    "option_id": "713",
    "option_name": "_options_brc_border_color",
    "option_value": "field_61d529de13b86",
    "autoload": "no"
},
{
    "option_id": "714",
    "option_name": "options_brc_font_size",
    "option_value": "",
    "autoload": "no"
},
{
    "option_id": "715",
    "option_name": "_options_brc_font_size",
    "option_value": "field_61d52a9313b88",
    "autoload": "no"
},
{
    "option_id": "716",
    "option_name": "options_brc_font_weight",
    "option_value": "",
    "autoload": "no"
},
{
    "option_id": "717",
    "option_name": "_options_brc_font_weight",
    "option_value": "field_61d52a9d13b89",
    "autoload": "no"
},
{
    "option_id": "718",
    "option_name": "options_brc_font_family",
    "option_value": "0",
    "autoload": "no"
},
{
    "option_id": "719",
    "option_name": "_options_brc_font_family",
    "option_value": "field_61d52aa513b8a",
    "autoload": "no"
},
{
    "option_id": "720",
    "option_name": "options_brc_letter_spacing",
    "option_value": "",
    "autoload": "no"
},
{
    "option_id": "721",
    "option_name": "_options_brc_letter_spacing",
    "option_value": "field_61d52aab13b8b",
    "autoload": "no"
},
{
    "option_id": "722",
    "option_name": "options_brc_border_size",
    "option_value": "",
    "autoload": "no"
},
{
    "option_id": "723",
    "option_name": "_options_brc_border_size",
    "option_value": "field_61d52b4613b8d",
    "autoload": "no"
},
{
    "option_id": "724",
    "option_name": "options_brc_border_radius",
    "option_value": "",
    "autoload": "no"
},
{
    "option_id": "725",
    "option_name": "_options_brc_border_radius",
    "option_value": "field_61d52b4913b8e",
    "autoload": "no"
},
{
    "option_id": "774",
    "option_name": "options_layout_type",
    "option_value": "2",
    "autoload": "no"
},
{
    "option_id": "775",
    "option_name": "_options_layout_type",
    "option_value": "field_62e01348c7ec7",
    "autoload": "no"
},
{
    "option_id": "776",
    "option_name": "options_background_svgicon",
    "option_value": "",
    "autoload": "no"
},
{
    "option_id": "777",
    "option_name": "_options_background_svgicon",
    "option_value": "field_61d38e1394a45",
    "autoload": "no"
},
{
    "option_id": "778",
    "option_name": "options_preloader_logo_width",
    "option_value": "120",
    "autoload": "no"
},
{
    "option_id": "779",
    "option_name": "_options_preloader_logo_width",
    "option_value": "field_61ba990d6c47c",
    "autoload": "no"
},
{
    "option_id": "780",
    "option_name": "options_preloader_line_height",
    "option_value": "1",
    "autoload": "no"
},
{
    "option_id": "781",
    "option_name": "_options_preloader_line_height",
    "option_value": "field_61ba9bab56a81",
    "autoload": "no"
},
{
    "option_id": "782",
    "option_name": "options_preloader_color",
    "option_value": "",
    "autoload": "no"
},
{
    "option_id": "783",
    "option_name": "_options_preloader_color",
    "option_value": "field_61ba996d6c47e",
    "autoload": "no"
},
{
    "option_id": "784",
    "option_name": "options_header_layout_type",
    "option_value": "1",
    "autoload": "no"
},
{
    "option_id": "785",
    "option_name": "_options_header_layout_type",
    "option_value": "field_62e012f5fabe5",
    "autoload": "no"
},
{
    "option_id": "1387",
    "option_name": "options_btn_transform",
    "option_value": "uppercase",
    "autoload": "no"
},
{
    "option_id": "1388",
    "option_name": "_options_btn_transform",
    "option_value": "field_62e071a806766",
    "autoload": "no"
},
{
    "option_id": "1389",
    "option_name": "options_btn_height",
    "option_value": "70",
    "autoload": "no"
},
{
    "option_id": "1390",
    "option_name": "_options_btn_height",
    "option_value": "field_62e0712106765",
    "autoload": "no"
},
{
    "option_id": "2997",
    "option_name": "options_services_list_args",
    "option_value": "",
    "autoload": "no"
},
{
    "option_id": "2998",
    "option_name": "_options_services_list_args",
    "option_value": "field_61c68494522fa",
    "autoload": "no"
},
{
    "option_id": "4110",
    "option_name": "options_shop_title",
    "option_value": "KINSLEY SHOP",
    "autoload": "no"
},
{
    "option_id": "4111",
    "option_name": "_options_shop_title",
    "option_value": "field_61e6bea450d26",
    "autoload": "no"
},
{
    "option_id": "4112",
    "option_name": "options_shop_description",
    "option_value": "",
    "autoload": "no"
},
{
    "option_id": "4113",
    "option_name": "_options_shop_description",
    "option_value": "field_61e6beca50d27",
    "autoload": "no"
},
{
    "option_id": "4114",
    "option_name": "options_shop_list_args_sidebar",
    "option_value": "0",
    "autoload": "no"
},
{
    "option_id": "4115",
    "option_name": "_options_shop_list_args_sidebar",
    "option_value": "field_61e6bf83346f7",
    "autoload": "no"
},
{
    "option_id": "4116",
    "option_name": "options_shop_list_args",
    "option_value": "",
    "autoload": "no"
},
{
    "option_id": "4117",
    "option_name": "_options_shop_list_args",
    "option_value": "field_61e6bf1d346f6",
    "autoload": "no"
},
{
    "option_id": "4136",
    "option_name": "options_shop_bg_img",
    "option_value": "3336",
    "autoload": "no"
},
{
    "option_id": "4137",
    "option_name": "_options_shop_bg_img",
    "option_value": "field_62e7d326437c3",
    "autoload": "no"
}

]
}
