{
    "key": "group_61ca98d7ae521",
    "title": "Header & Footer Options",
    "fields": [
        {
            "key": "field_61ca9c5ef1aa2",
            "label": "",
            "name": "",
            "type": "message",
            "instructions": "",
            "required": 0,
            "conditional_logic": 0,
            "wrapper": {
                "width": "",
                "class": "",
                "id": ""
            },
            "message": "<i>Select template for header and footer sections. Edit all templates <a href=\"edit.php?post_type=hf_templates\">here<\/a><\/i>",
            "new_lines": "",
            "esc_html": 0
        },
        {
            "key": "field_62e012f5fabe5",
            "label": "Header Layout Type",
            "name": "header_layout_type",
            "type": "button_group",
            "instructions": "",
            "required": 0,
            "conditional_logic": 0,
            "wrapper": {
                "width": "",
                "class": "",
                "id": ""
            },
            "choices": [
                "Default",
                "Transparent"
            ],
            "allow_null": 0,
            "default_value": 0,
            "layout": "horizontal",
            "return_format": "value"
        },
        {
            "key": "field_6089393f75103",
            "label": "Header Template",
            "name": "header_template",
            "type": "post_object",
            "instructions": "",
            "required": 0,
            "conditional_logic": 0,
            "wrapper": {
                "width": "",
                "class": "",
                "id": ""
            },
            "post_type": [
                "hf_templates"
            ],
            "taxonomy": "",
            "allow_null": 0,
            "multiple": 0,
            "return_format": "id",
            "ui": 1
        },
        {
            "key": "field_608939d275104",
            "label": "Footer Template",
            "name": "footer_template",
            "type": "post_object",
            "instructions": "",
            "required": 0,
            "conditional_logic": 0,
            "wrapper": {
                "width": "",
                "class": "",
                "id": ""
            },
            "post_type": [
                "hf_templates"
            ],
            "taxonomy": "",
            "allow_null": 0,
            "multiple": 0,
            "return_format": "id",
            "ui": 1
        }
    ],
    "location": [
        [
            {
                "param": "options_page",
                "operator": "==",
                "value": "header-and-footer-theme-options"
            }
        ]
    ],
    "menu_order": 0,
    "position": "normal",
    "style": "default",
    "label_placement": "top",
    "instruction_placement": "label",
    "hide_on_screen": "",
    "active": true,
    "description": "",
    "show_in_rest": 0,
    "modified": 1658852141
}