{
    "key": "group_61ca992454178",
    "title": "Blog Options",
    "fields": [
        {
            "key": "field_61d3a179affd0",
            "label": "General",
            "name": "",
            "type": "tab",
            "instructions": "",
            "required": 0,
            "conditional_logic": 0,
            "wrapper": {
                "width": "",
                "class": "",
                "id": ""
            },
            "placement": "top",
            "endpoint": 0
        },
        {
            "key": "field_5f588f84087e0",
            "label": "Blog Page",
            "name": "post_page",
            "type": "post_object",
            "instructions": "",
            "required": 0,
            "conditional_logic": 0,
            "wrapper": {
                "width": "",
                "class": "",
                "id": ""
            },
            "post_type": [
                "page"
            ],
            "taxonomy": "",
            "allow_null": 0,
            "multiple": 0,
            "return_format": "id",
            "ui": 1
        },
        {
            "key": "field_61d3a259355ea",
            "label": "Blog List",
            "name": "",
            "type": "tab",
            "instructions": "",
            "required": 0,
            "conditional_logic": 0,
            "wrapper": {
                "width": "",
                "class": "",
                "id": ""
            },
            "placement": "top",
            "endpoint": 0
        },
        {
            "key": "field_61d3a23be58de",
            "label": "Parameters",
            "name": "blog_list_args",
            "type": "group",
            "instructions": "Blog View Parameters for default archive pages.",
            "required": 0,
            "conditional_logic": 0,
            "wrapper": {
                "width": "",
                "class": "",
                "id": ""
            },
            "layout": "row",
            "sub_fields": [
                {
                    "key": "field_61d3a510355ed",
                    "label": "Sidebar",
                    "name": "sidebar",
                    "type": "true_false",
                    "instructions": "",
                    "required": 0,
                    "conditional_logic": 0,
                    "wrapper": {
                        "width": "",
                        "class": "",
                        "id": ""
                    },
                    "message": "",
                    "default_value": 0,
                    "ui": 1,
                    "ui_on_text": "",
                    "ui_off_text": ""
                },
                {
                    "key": "field_61d3a23be58df",
                    "label": "Layout",
                    "name": "layout",
                    "type": "select",
                    "instructions": "",
                    "required": 0,
                    "conditional_logic": 0,
                    "wrapper": {
                        "width": "",
                        "class": "",
                        "id": ""
                    },
                    "choices": {
                        "column-1": "1 Column",
                        "column-2": "2 Columns",
                        "column-3": "3 Columns"
                    },
                    "default_value": "column-3",
                    "allow_null": 0,
                    "multiple": 0,
                    "ui": 0,
                    "ajax": 0,
                    "return_format": "value",
                    "placeholder": ""
                },
                {
                    "key": "field_61d3a36c355ec",
                    "label": "Featured Image",
                    "name": "featured_image",
                    "type": "true_false",
                    "instructions": "Whether to display featured image of the post type.",
                    "required": 0,
                    "conditional_logic": 0,
                    "wrapper": {
                        "width": "",
                        "class": "",
                        "id": ""
                    },
                    "message": "",
                    "default_value": 1,
                    "ui": 1,
                    "ui_on_text": "",
                    "ui_off_text": ""
                },
                {
                    "key": "field_61d3aa45ff1c1",
                    "label": "Categories",
                    "name": "categories",
                    "type": "true_false",
                    "instructions": "Whether to display categories of the post type.",
                    "required": 0,
                    "conditional_logic": 0,
                    "wrapper": {
                        "width": "",
                        "class": "",
                        "id": ""
                    },
                    "message": "",
                    "default_value": 0,
                    "ui": 1,
                    "ui_on_text": "",
                    "ui_off_text": ""
                },
                {
                    "key": "field_61d3a570355ee",
                    "label": "Details",
                    "name": "details",
                    "type": "true_false",
                    "instructions": "Whether to display details of the post type.",
                    "required": 0,
                    "conditional_logic": 0,
                    "wrapper": {
                        "width": "",
                        "class": "",
                        "id": ""
                    },
                    "message": "",
                    "default_value": 1,
                    "ui": 1,
                    "ui_on_text": "",
                    "ui_off_text": ""
                },
                {
                    "key": "field_61d3a5a3355ef",
                    "label": "- author",
                    "name": "details_author",
                    "type": "true_false",
                    "instructions": "",
                    "required": 0,
                    "conditional_logic": 0,
                    "wrapper": {
                        "width": "",
                        "class": "",
                        "id": ""
                    },
                    "message": "",
                    "default_value": 1,
                    "ui": 1,
                    "ui_on_text": "",
                    "ui_off_text": ""
                },
                {
                    "key": "field_61d3a5cc355f0",
                    "label": "- date",
                    "name": "details_date",
                    "type": "true_false",
                    "instructions": "",
                    "required": 0,
                    "conditional_logic": 0,
                    "wrapper": {
                        "width": "",
                        "class": "",
                        "id": ""
                    },
                    "message": "",
                    "default_value": 1,
                    "ui": 1,
                    "ui_on_text": "",
                    "ui_off_text": ""
                },
                {
                    "key": "field_61d3a23be58e0",
                    "label": "Title",
                    "name": "title",
                    "type": "true_false",
                    "instructions": "Whether to display title of the post type.",
                    "required": 0,
                    "conditional_logic": 0,
                    "wrapper": {
                        "width": "",
                        "class": "",
                        "id": ""
                    },
                    "message": "",
                    "default_value": 1,
                    "ui": 1,
                    "ui_on_text": "",
                    "ui_off_text": ""
                },
                {
                    "key": "field_61d3a23be58e1",
                    "label": "Excerpt",
                    "name": "excerpt",
                    "type": "true_false",
                    "instructions": "Whether to display excerpt (short description) of the post type.",
                    "required": 0,
                    "conditional_logic": 0,
                    "wrapper": {
                        "width": "",
                        "class": "",
                        "id": ""
                    },
                    "message": "",
                    "default_value": 1,
                    "ui": 1,
                    "ui_on_text": "",
                    "ui_off_text": ""
                },
                {
                    "key": "field_61d3a23be58e3",
                    "label": "View Button",
                    "name": "view_button",
                    "type": "true_false",
                    "instructions": "Whether to display \"Read more\" button with the link to post type.",
                    "required": 0,
                    "conditional_logic": 0,
                    "wrapper": {
                        "width": "",
                        "class": "",
                        "id": ""
                    },
                    "message": "",
                    "default_value": 0,
                    "ui": 1,
                    "ui_on_text": "",
                    "ui_off_text": ""
                }
            ]
        },
        {
            "key": "field_61d3a2e6355eb",
            "label": "Blog Single",
            "name": "",
            "type": "tab",
            "instructions": "",
            "required": 0,
            "conditional_logic": 0,
            "wrapper": {
                "width": "",
                "class": "",
                "id": ""
            },
            "placement": "top",
            "endpoint": 0
        },
        {
            "key": "field_5ee8e1ce18975",
            "label": "Disable featured image?",
            "name": "blog_featured_img",
            "type": "true_false",
            "instructions": "Disable the featured image for a single post at the beginning of the content",
            "required": 0,
            "conditional_logic": 0,
            "wrapper": {
                "width": "",
                "class": "",
                "id": ""
            },
            "message": "",
            "default_value": 1,
            "ui": 1,
            "ui_on_text": "",
            "ui_off_text": ""
        },
        {
            "key": "field_5c610c399cf20",
            "label": "Social Share",
            "name": "social_share",
            "type": "checkbox",
            "instructions": "Social share buttons on blog single page",
            "required": 0,
            "conditional_logic": 0,
            "wrapper": {
                "width": "",
                "class": "",
                "id": ""
            },
            "choices": {
                "facebook": "Facebook",
                "twitter": "Twitter",
                "tumblr": "Tumblr",
                "linkedin": "Linkedin",
                "reddit": "Reddit",
                "pinterest": "Pinterest",
                "whatsapp": "WhatsApp"
            },
            "allow_custom": 0,
            "default_value": [
                "facebook",
                "twitter",
                "linkedin",
                "pinterest",
                "reddit"
            ],
            "layout": "vertical",
            "toggle": 0,
            "return_format": "array",
            "save_custom": 0
        }
    ],
    "location": [
        [
            {
                "param": "options_page",
                "operator": "==",
                "value": "blog-theme-options"
            }
        ]
    ],
    "menu_order": 0,
    "position": "normal",
    "style": "default",
    "label_placement": "top",
    "instruction_placement": "label",
    "hide_on_screen": "",
    "active": true,
    "description": "",
    "show_in_rest": 0,
    "modified": 1641261711
}