{
  "name": "hotel",
  "data": [

{
    "option_id": "2677",
    "option_name": "options_portfolio_lightbox_disable",
    "option_value": "1",
    "autoload": "no"
},
{
    "option_id": "2678",
    "option_name": "_options_portfolio_lightbox_disable",
    "option_value": "field_5f58eee9befad",
    "autoload": "no"
},
{
    "option_id": "2689",
    "option_name": "options_text_font_size",
    "option_value": "",
    "autoload": "no"
},
{
    "option_id": "2690",
    "option_name": "_options_text_font_size",
    "option_value": "field_5eea66ad5ad1e",
    "autoload": "no"
},
{
    "option_id": "2691",
    "option_name": "options_menu_font_size",
    "option_value": "",
    "autoload": "no"
},
{
    "option_id": "2692",
    "option_name": "_options_menu_font_size",
    "option_value": "field_5eea67685ad1f",
    "autoload": "no"
},
{
    "option_id": "2695",
    "option_name": "options_text_font_family",
    "option_value": "0",
    "autoload": "no"
},
{
    "option_id": "2696",
    "option_name": "_options_text_font_family",
    "option_value": "field_5b68d188906fd",
    "autoload": "no"
},
{
    "option_id": "2697",
    "option_name": "options_menu_font_family",
    "option_value": "0",
    "autoload": "no"
},
{
    "option_id": "2698",
    "option_name": "_options_menu_font_family",
    "option_value": "field_5eea67ef5ad21",
    "autoload": "no"
},
{
    "option_id": "2703",
    "option_name": "options_header_template",
    "option_value": "275",
    "autoload": "no"
},
{
    "option_id": "2704",
    "option_name": "_options_header_template",
    "option_value": "field_6089393f75103",
    "autoload": "no"
},
{
    "option_id": "2705",
    "option_name": "options_footer_template",
    "option_value": "831",
    "autoload": "no"
},
{
    "option_id": "2706",
    "option_name": "_options_footer_template",
    "option_value": "field_608939d275104",
    "autoload": "no"
},
{
    "option_id": "2707",
    "option_name": "options_social_links",
    "option_value": "5",
    "autoload": "no"
},
{
    "option_id": "2708",
    "option_name": "_options_social_links",
    "option_value": "field_608bd4e64a505",
    "autoload": "no"
},
{
    "option_id": "2711",
    "option_name": "options_post_page",
    "option_value": "713",
    "autoload": "no"
},
{
    "option_id": "2712",
    "option_name": "_options_post_page",
    "option_value": "field_5f588f84087e0",
    "autoload": "no"
},
{
    "option_id": "2717",
    "option_name": "options_blog_featured_img",
    "option_value": "0",
    "autoload": "no"
},
{
    "option_id": "2718",
    "option_name": "_options_blog_featured_img",
    "option_value": "field_5ee8e1ce18975",
    "autoload": "no"
},
{
    "option_id": "2719",
    "option_name": "options_social_share",
    "option_value": "a:5:{i:0;s:8:\"facebook\";i:1;s:7:\"twitter\";i:2;s:8:\"linkedin\";i:3;s:6:\"reddit\";i:4;s:9:\"pinterest\";}",
    "autoload": "no"
},
{
    "option_id": "2720",
    "option_name": "_options_social_share",
    "option_value": "field_5c610c399cf20",
    "autoload": "no"
},
{
    "option_id": "2721",
    "option_name": "options_p404_title",
    "option_value": "Oops! Where are we?",
    "autoload": "no"
},
{
    "option_id": "2722",
    "option_name": "_options_p404_title",
    "option_value": "field_5d180fd559b7f",
    "autoload": "no"
},
{
    "option_id": "2723",
    "option_name": "options_p404_content",
    "option_value": "Page not Found! The page you are looking for was moved, removed,\r\nrenamed or might never existed.",
    "autoload": "no"
},
{
    "option_id": "2724",
    "option_name": "_options_p404_content",
    "option_value": "field_5d180feb59b80",
    "autoload": "no"
},
{
    "option_id": "2733",
    "option_name": "options_preloader",
    "option_value": "0",
    "autoload": "no"
},
{
    "option_id": "2734",
    "option_name": "_options_preloader",
    "option_value": "field_61ba955b6c47a",
    "autoload": "no"
},
{
    "option_id": "2735",
    "option_name": "options_preloader_counter",
    "option_value": "0",
    "autoload": "no"
},
{
    "option_id": "2736",
    "option_name": "_options_preloader_counter",
    "option_value": "field_61ba99596c47d",
    "autoload": "no"
},
{
    "option_id": "2737",
    "option_name": "options_preloader_logo",
    "option_value": "282",
    "autoload": "no"
},
{
    "option_id": "2738",
    "option_name": "_options_preloader_logo",
    "option_value": "field_61ba98826c47b",
    "autoload": "no"
},
{
    "option_id": "2739",
    "option_name": "options_preloader_logo_width",
    "option_value": "",
    "autoload": "no"
},
{
    "option_id": "2740",
    "option_name": "_options_preloader_logo_width",
    "option_value": "field_61ba990d6c47c",
    "autoload": "no"
},
{
    "option_id": "2741",
    "option_name": "options_preloader_color",
    "option_value": "",
    "autoload": "no"
},
{
    "option_id": "2742",
    "option_name": "_options_preloader_color",
    "option_value": "field_61ba996d6c47e",
    "autoload": "no"
},
{
    "option_id": "2744",
    "option_name": "options_preloader_line_height",
    "option_value": "",
    "autoload": "no"
},
{
    "option_id": "2745",
    "option_name": "_options_preloader_line_height",
    "option_value": "field_61ba9bab56a81",
    "autoload": "no"
},
{
    "option_id": "2864",
    "option_name": "options_social_links_0_icon",
    "option_value": "fab fa-twitter",
    "autoload": "no"
},
{
    "option_id": "2865",
    "option_name": "_options_social_links_0_icon",
    "option_value": "field_608bd4f94a506",
    "autoload": "no"
},
{
    "option_id": "2866",
    "option_name": "options_social_links_0_title",
    "option_value": "Twitter",
    "autoload": "no"
},
{
    "option_id": "2867",
    "option_name": "_options_social_links_0_title",
    "option_value": "field_608bd5364a507",
    "autoload": "no"
},
{
    "option_id": "2868",
    "option_name": "options_social_links_0_url",
    "option_value": "https:\/\/twitter.com\/",
    "autoload": "no"
},
{
    "option_id": "2869",
    "option_name": "_options_social_links_0_url",
    "option_value": "field_608bd53d4a508",
    "autoload": "no"
},
{
    "option_id": "2870",
    "option_name": "options_social_links_1_icon",
    "option_value": "fab fa-facebook-f",
    "autoload": "no"
},
{
    "option_id": "2871",
    "option_name": "_options_social_links_1_icon",
    "option_value": "field_608bd4f94a506",
    "autoload": "no"
},
{
    "option_id": "2872",
    "option_name": "options_social_links_1_title",
    "option_value": "Facebook",
    "autoload": "no"
},
{
    "option_id": "2873",
    "option_name": "_options_social_links_1_title",
    "option_value": "field_608bd5364a507",
    "autoload": "no"
},
{
    "option_id": "2874",
    "option_name": "options_social_links_1_url",
    "option_value": "https:\/\/facebook.com\/",
    "autoload": "no"
},
{
    "option_id": "2875",
    "option_name": "_options_social_links_1_url",
    "option_value": "field_608bd53d4a508",
    "autoload": "no"
},
{
    "option_id": "2876",
    "option_name": "options_social_links_2_icon",
    "option_value": "fab fa-youtube",
    "autoload": "no"
},
{
    "option_id": "2877",
    "option_name": "_options_social_links_2_icon",
    "option_value": "field_608bd4f94a506",
    "autoload": "no"
},
{
    "option_id": "2878",
    "option_name": "options_social_links_2_title",
    "option_value": "Youtube",
    "autoload": "no"
},
{
    "option_id": "2879",
    "option_name": "_options_social_links_2_title",
    "option_value": "field_608bd5364a507",
    "autoload": "no"
},
{
    "option_id": "2880",
    "option_name": "options_social_links_2_url",
    "option_value": "https:\/\/youtube.com\/",
    "autoload": "no"
},
{
    "option_id": "2881",
    "option_name": "_options_social_links_2_url",
    "option_value": "field_608bd53d4a508",
    "autoload": "no"
},
{
    "option_id": "2882",
    "option_name": "options_social_links_3_icon",
    "option_value": "fab fa-instagram",
    "autoload": "no"
},
{
    "option_id": "2883",
    "option_name": "_options_social_links_3_icon",
    "option_value": "field_608bd4f94a506",
    "autoload": "no"
},
{
    "option_id": "2884",
    "option_name": "options_social_links_3_title",
    "option_value": "Instagram",
    "autoload": "no"
},
{
    "option_id": "2885",
    "option_name": "_options_social_links_3_title",
    "option_value": "field_608bd5364a507",
    "autoload": "no"
},
{
    "option_id": "2886",
    "option_name": "options_social_links_3_url",
    "option_value": "https:\/\/instagram.com\/",
    "autoload": "no"
},
{
    "option_id": "2887",
    "option_name": "_options_social_links_3_url",
    "option_value": "field_608bd53d4a508",
    "autoload": "no"
},
{
    "option_id": "2888",
    "option_name": "options_social_links_4_icon",
    "option_value": "fab fa-linkedin-in",
    "autoload": "no"
},
{
    "option_id": "2889",
    "option_name": "_options_social_links_4_icon",
    "option_value": "field_608bd4f94a506",
    "autoload": "no"
},
{
    "option_id": "2890",
    "option_name": "options_social_links_4_title",
    "option_value": "Linkedin",
    "autoload": "no"
},
{
    "option_id": "2891",
    "option_name": "_options_social_links_4_title",
    "option_value": "field_608bd5364a507",
    "autoload": "no"
},
{
    "option_id": "2892",
    "option_name": "options_social_links_4_url",
    "option_value": "https:\/\/linkedin.com\/",
    "autoload": "no"
},
{
    "option_id": "2893",
    "option_name": "_options_social_links_4_url",
    "option_value": "field_608bd53d4a508",
    "autoload": "no"
},
{
    "option_id": "3332",
    "option_name": "options_rooms_page",
    "option_value": "6",
    "autoload": "no"
},
{
    "option_id": "3333",
    "option_name": "_options_rooms_page",
    "option_value": "field_61c29b4197864",
    "autoload": "no"
},
{
    "option_id": "3587",
    "option_name": "options_rooms_popup_enable",
    "option_value": "1",
    "autoload": "no"
},
{
    "option_id": "3588",
    "option_name": "_options_rooms_popup_enable",
    "option_value": "field_61c512f3f2f4d",
    "autoload": "no"
},
{
    "option_id": "3589",
    "option_name": "options_rooms_popup_args_title",
    "option_value": "Search your Room",
    "autoload": "no"
},
{
    "option_id": "3590",
    "option_name": "_options_rooms_popup_args_title",
    "option_value": "field_61c5136bf2f4f",
    "autoload": "no"
},
{
    "option_id": "3591",
    "option_name": "options_rooms_popup_args_id",
    "option_value": "booknow",
    "autoload": "no"
},
{
    "option_id": "3592",
    "option_name": "_options_rooms_popup_args_id",
    "option_value": "field_61c51377f2f50",
    "autoload": "no"
},
{
    "option_id": "3593",
    "option_name": "options_rooms_popup_args_adults",
    "option_value": "1",
    "autoload": "no"
},
{
    "option_id": "3594",
    "option_name": "_options_rooms_popup_args_adults",
    "option_value": "field_61c513b3f2f51",
    "autoload": "no"
},
{
    "option_id": "3595",
    "option_name": "options_rooms_popup_args_children",
    "option_value": "0",
    "autoload": "no"
},
{
    "option_id": "3596",
    "option_name": "_options_rooms_popup_args_children",
    "option_value": "field_61c513c4f2f52",
    "autoload": "no"
},
{
    "option_id": "3597",
    "option_name": "options_rooms_popup_args_check_in_date",
    "option_value": "",
    "autoload": "no"
},
{
    "option_id": "3598",
    "option_name": "_options_rooms_popup_args_check_in_date",
    "option_value": "field_61c513f8f2f53",
    "autoload": "no"
},
{
    "option_id": "3599",
    "option_name": "options_rooms_popup_args_check_out_date",
    "option_value": "",
    "autoload": "no"
},
{
    "option_id": "3600",
    "option_name": "_options_rooms_popup_args_check_out_date",
    "option_value": "field_61c5142bf2f54",
    "autoload": "no"
},
{
    "option_id": "3601",
    "option_name": "options_rooms_popup_args_attributes",
    "option_value": "",
    "autoload": "no"
},
{
    "option_id": "3602",
    "option_name": "_options_rooms_popup_args_attributes",
    "option_value": "field_61c51452f2f55",
    "autoload": "no"
},
{
    "option_id": "3603",
    "option_name": "options_rooms_popup_args_class",
    "option_value": "",
    "autoload": "no"
},
{
    "option_id": "3604",
    "option_name": "_options_rooms_popup_args_class",
    "option_value": "field_61c514bdf2f56",
    "autoload": "no"
},
{
    "option_id": "3605",
    "option_name": "options_rooms_popup_args",
    "option_value": "",
    "autoload": "no"
},
{
    "option_id": "3606",
    "option_name": "_options_rooms_popup_args",
    "option_value": "field_61c51318f2f4e",
    "autoload": "no"
},
{
    "option_id": "3609",
    "option_name": "options_rooms_list_args_layout",
    "option_value": "column-3",
    "autoload": "no"
},
{
    "option_id": "3610",
    "option_name": "_options_rooms_list_args_layout",
    "option_value": "field_61c515fb1c967",
    "autoload": "no"
},
{
    "option_id": "3611",
    "option_name": "options_rooms_list_args_title",
    "option_value": "1",
    "autoload": "no"
},
{
    "option_id": "3612",
    "option_name": "_options_rooms_list_args_title",
    "option_value": "field_61c516571c968",
    "autoload": "no"
},
{
    "option_id": "3613",
    "option_name": "options_rooms_list_args_featured_image",
    "option_value": "1",
    "autoload": "no"
},
{
    "option_id": "3614",
    "option_name": "_options_rooms_list_args_featured_image",
    "option_value": "field_61c516981c969",
    "autoload": "no"
},
{
    "option_id": "3615",
    "option_name": "options_rooms_list_args_gallery",
    "option_value": "0",
    "autoload": "no"
},
{
    "option_id": "3616",
    "option_name": "_options_rooms_list_args_gallery",
    "option_value": "field_61c516bc1c96a",
    "autoload": "no"
},
{
    "option_id": "3617",
    "option_name": "options_rooms_list_args_excerpt",
    "option_value": "1",
    "autoload": "no"
},
{
    "option_id": "3618",
    "option_name": "_options_rooms_list_args_excerpt",
    "option_value": "field_61c516d91c96b",
    "autoload": "no"
},
{
    "option_id": "3619",
    "option_name": "options_rooms_list_args_details",
    "option_value": "1",
    "autoload": "no"
},
{
    "option_id": "3620",
    "option_name": "_options_rooms_list_args_details",
    "option_value": "field_61c517031c96c",
    "autoload": "no"
},
{
    "option_id": "3621",
    "option_name": "options_rooms_list_args_details_capacity",
    "option_value": "1",
    "autoload": "no"
},
{
    "option_id": "3622",
    "option_name": "_options_rooms_list_args_details_capacity",
    "option_value": "field_61c5172d1c96d",
    "autoload": "no"
},
{
    "option_id": "3623",
    "option_name": "options_rooms_list_args_details_children",
    "option_value": "0",
    "autoload": "no"
},
{
    "option_id": "3624",
    "option_name": "_options_rooms_list_args_details_children",
    "option_value": "field_61c5176c1c96e",
    "autoload": "no"
},
{
    "option_id": "3625",
    "option_name": "options_rooms_list_args_details_amenity",
    "option_value": "0",
    "autoload": "no"
},
{
    "option_id": "3626",
    "option_name": "_options_rooms_list_args_details_amenity",
    "option_value": "field_61c5176f1c96f",
    "autoload": "no"
},
{
    "option_id": "3627",
    "option_name": "options_rooms_list_args_details_size",
    "option_value": "1",
    "autoload": "no"
},
{
    "option_id": "3628",
    "option_name": "_options_rooms_list_args_details_size",
    "option_value": "field_61c517701c970",
    "autoload": "no"
},
{
    "option_id": "3629",
    "option_name": "options_rooms_list_args_details_category",
    "option_value": "0",
    "autoload": "no"
},
{
    "option_id": "3630",
    "option_name": "_options_rooms_list_args_details_category",
    "option_value": "field_61c517f51c971",
    "autoload": "no"
},
{
    "option_id": "3631",
    "option_name": "options_rooms_list_args_details_attributes",
    "option_value": "0",
    "autoload": "no"
},
{
    "option_id": "3632",
    "option_name": "_options_rooms_list_args_details_attributes",
    "option_value": "field_61c518181c972",
    "autoload": "no"
},
{
    "option_id": "3633",
    "option_name": "options_rooms_list_args_details_view",
    "option_value": "0",
    "autoload": "no"
},
{
    "option_id": "3634",
    "option_name": "_options_rooms_list_args_details_view",
    "option_value": "field_61c5182e1c973",
    "autoload": "no"
},
{
    "option_id": "3635",
    "option_name": "options_rooms_list_args_details_bed_type",
    "option_value": "0",
    "autoload": "no"
},
{
    "option_id": "3636",
    "option_name": "_options_rooms_list_args_details_bed_type",
    "option_value": "field_61c5183e1c974",
    "autoload": "no"
},
{
    "option_id": "3637",
    "option_name": "options_rooms_list_args_price",
    "option_value": "1",
    "autoload": "no"
},
{
    "option_id": "3638",
    "option_name": "_options_rooms_list_args_price",
    "option_value": "field_61c5186f1c976",
    "autoload": "no"
},
{
    "option_id": "3639",
    "option_name": "options_rooms_list_args_view_button",
    "option_value": "0",
    "autoload": "no"
},
{
    "option_id": "3640",
    "option_name": "_options_rooms_list_args_view_button",
    "option_value": "field_61c518861c977",
    "autoload": "no"
},
{
    "option_id": "3641",
    "option_name": "options_rooms_list_args_book_button",
    "option_value": "1",
    "autoload": "no"
},
{
    "option_id": "3642",
    "option_name": "_options_rooms_list_args_book_button",
    "option_value": "field_61c518a81c978",
    "autoload": "no"
},
{
    "option_id": "3643",
    "option_name": "options_rooms_list_args",
    "option_value": "",
    "autoload": "no"
},
{
    "option_id": "3644",
    "option_name": "_options_rooms_list_args",
    "option_value": "field_61c5153c1c966",
    "autoload": "no"
},
{
    "option_id": "3708",
    "option_name": "options_p404_button",
    "option_value": "Back to Home",
    "autoload": "no"
},
{
    "option_id": "3709",
    "option_name": "_options_p404_button",
    "option_value": "field_61c561cb7b6e5",
    "autoload": "no"
},
{
    "option_id": "3785",
    "option_name": "options_services_page",
    "option_value": "1815",
    "autoload": "no"
},
{
    "option_id": "3786",
    "option_name": "_options_services_page",
    "option_value": "field_61c681c4e5737",
    "autoload": "no"
},
{
    "option_id": "3788",
    "option_name": "options_services_list_args_layout",
    "option_value": "column-3",
    "autoload": "no"
},
{
    "option_id": "3789",
    "option_name": "_options_services_list_args_layout",
    "option_value": "field_61c68494522fb",
    "autoload": "no"
},
{
    "option_id": "3790",
    "option_name": "options_services_list_args_title",
    "option_value": "1",
    "autoload": "no"
},
{
    "option_id": "3791",
    "option_name": "_options_services_list_args_title",
    "option_value": "field_61c68494522fc",
    "autoload": "no"
},
{
    "option_id": "3792",
    "option_name": "options_services_list_args_excerpt",
    "option_value": "1",
    "autoload": "no"
},
{
    "option_id": "3793",
    "option_name": "_options_services_list_args_excerpt",
    "option_value": "field_61c68494522ff",
    "autoload": "no"
},
{
    "option_id": "3794",
    "option_name": "options_services_list_args_price",
    "option_value": "1",
    "autoload": "no"
},
{
    "option_id": "3795",
    "option_name": "_options_services_list_args_price",
    "option_value": "field_61c6849452309",
    "autoload": "no"
},
{
    "option_id": "3796",
    "option_name": "options_services_list_args_view_button",
    "option_value": "1",
    "autoload": "no"
},
{
    "option_id": "3797",
    "option_name": "_options_services_list_args_view_button",
    "option_value": "field_61c684945230a",
    "autoload": "no"
},
{
    "option_id": "3798",
    "option_name": "options_services_list_args",
    "option_value": "",
    "autoload": "no"
},
{
    "option_id": "3799",
    "option_name": "_options_services_list_args",
    "option_value": "field_61c68494522fa",
    "autoload": "no"
},
{
    "option_id": "4045",
    "option_name": "options_theme_scrolling",
    "option_value": "1",
    "autoload": "no"
},
{
    "option_id": "4046",
    "option_name": "_options_theme_scrolling",
    "option_value": "field_61ca9b32d627c",
    "autoload": "no"
},
{
    "option_id": "4618",
    "option_name": "options_background_svg",
    "option_value": "1",
    "autoload": "no"
},
{
    "option_id": "4619",
    "option_name": "_options_background_svg",
    "option_value": "field_61d38d7a94a44",
    "autoload": "no"
},
{
    "option_id": "4620",
    "option_name": "options_background_svgicon",
    "option_value": "",
    "autoload": "no"
},
{
    "option_id": "4621",
    "option_name": "_options_background_svgicon",
    "option_value": "field_61d38e1394a45",
    "autoload": "no"
},
{
    "option_id": "4642",
    "option_name": "options_blog_list_args_sidebar",
    "option_value": "0",
    "autoload": "no"
},
{
    "option_id": "4643",
    "option_name": "_options_blog_list_args_sidebar",
    "option_value": "field_61d3a510355ed",
    "autoload": "no"
},
{
    "option_id": "4644",
    "option_name": "options_blog_list_args_layout",
    "option_value": "column-3",
    "autoload": "no"
},
{
    "option_id": "4645",
    "option_name": "_options_blog_list_args_layout",
    "option_value": "field_61d3a23be58df",
    "autoload": "no"
},
{
    "option_id": "4646",
    "option_name": "options_blog_list_args_featured",
    "option_value": "1",
    "autoload": "no"
},
{
    "option_id": "4647",
    "option_name": "_options_blog_list_args_featured",
    "option_value": "field_61d3a36c355ec",
    "autoload": "no"
},
{
    "option_id": "4648",
    "option_name": "options_blog_list_args_details",
    "option_value": "1",
    "autoload": "no"
},
{
    "option_id": "4649",
    "option_name": "_options_blog_list_args_details",
    "option_value": "field_61d3a570355ee",
    "autoload": "no"
},
{
    "option_id": "4650",
    "option_name": "options_blog_list_args_details_author",
    "option_value": "1",
    "autoload": "no"
},
{
    "option_id": "4651",
    "option_name": "_options_blog_list_args_details_author",
    "option_value": "field_61d3a5a3355ef",
    "autoload": "no"
},
{
    "option_id": "4652",
    "option_name": "options_blog_list_args_details_date",
    "option_value": "1",
    "autoload": "no"
},
{
    "option_id": "4653",
    "option_name": "_options_blog_list_args_details_date",
    "option_value": "field_61d3a5cc355f0",
    "autoload": "no"
},
{
    "option_id": "4654",
    "option_name": "options_blog_list_args_title",
    "option_value": "1",
    "autoload": "no"
},
{
    "option_id": "4655",
    "option_name": "_options_blog_list_args_title",
    "option_value": "field_61d3a23be58e0",
    "autoload": "no"
},
{
    "option_id": "4656",
    "option_name": "options_blog_list_args_excerpt",
    "option_value": "1",
    "autoload": "no"
},
{
    "option_id": "4657",
    "option_name": "_options_blog_list_args_excerpt",
    "option_value": "field_61d3a23be58e1",
    "autoload": "no"
},
{
    "option_id": "4658",
    "option_name": "options_blog_list_args_view_button",
    "option_value": "0",
    "autoload": "no"
},
{
    "option_id": "4659",
    "option_name": "_options_blog_list_args_view_button",
    "option_value": "field_61d3a23be58e3",
    "autoload": "no"
},
{
    "option_id": "4660",
    "option_name": "options_blog_list_args",
    "option_value": "",
    "autoload": "no"
},
{
    "option_id": "4661",
    "option_name": "_options_blog_list_args",
    "option_value": "field_61d3a23be58de",
    "autoload": "no"
},
{
    "option_id": "4663",
    "option_name": "options_blog_list_args_featured_image",
    "option_value": "1",
    "autoload": "no"
},
{
    "option_id": "4664",
    "option_name": "_options_blog_list_args_featured_image",
    "option_value": "field_61d3a36c355ec",
    "autoload": "no"
},
{
    "option_id": "4665",
    "option_name": "options_blog_list_args_categories",
    "option_value": "0",
    "autoload": "no"
},
{
    "option_id": "4666",
    "option_name": "_options_blog_list_args_categories",
    "option_value": "field_61d3aa45ff1c1",
    "autoload": "no"
},
{
    "option_id": "4756",
    "option_name": "options_accent_color1",
    "option_value": "",
    "autoload": "no"
},
{
    "option_id": "4757",
    "option_name": "_options_accent_color1",
    "option_value": "field_5b68d509665d9",
    "autoload": "no"
},
{
    "option_id": "4758",
    "option_name": "options_accent_color2",
    "option_value": "",
    "autoload": "no"
},
{
    "option_id": "4759",
    "option_name": "_options_accent_color2",
    "option_value": "field_61d36bcfc210a",
    "autoload": "no"
},
{
    "option_id": "4760",
    "option_name": "options_accent_color3",
    "option_value": "",
    "autoload": "no"
},
{
    "option_id": "4761",
    "option_name": "_options_accent_color3",
    "option_value": "field_61d36cefc210b",
    "autoload": "no"
},
{
    "option_id": "4762",
    "option_name": "options_text_color1",
    "option_value": "",
    "autoload": "no"
},
{
    "option_id": "4763",
    "option_name": "_options_text_color1",
    "option_value": "field_61d36efdc210e",
    "autoload": "no"
},
{
    "option_id": "4764",
    "option_name": "options_text_color2",
    "option_value": "",
    "autoload": "no"
},
{
    "option_id": "4765",
    "option_name": "_options_text_color2",
    "option_value": "field_61d36f03c210f",
    "autoload": "no"
},
{
    "option_id": "4766",
    "option_name": "options_text_color3",
    "option_value": "",
    "autoload": "no"
},
{
    "option_id": "4767",
    "option_name": "_options_text_color3",
    "option_value": "field_61d36f08c2110",
    "autoload": "no"
},
{
    "option_id": "4768",
    "option_name": "options_bg_color1",
    "option_value": "",
    "autoload": "no"
},
{
    "option_id": "4769",
    "option_name": "_options_bg_color1",
    "option_value": "field_61d3723862ec2",
    "autoload": "no"
},
{
    "option_id": "4770",
    "option_name": "options_bg_color2",
    "option_value": "",
    "autoload": "no"
},
{
    "option_id": "4771",
    "option_name": "_options_bg_color2",
    "option_value": "field_61d3728662ec3",
    "autoload": "no"
},
{
    "option_id": "4772",
    "option_name": "options_bg_color3",
    "option_value": "",
    "autoload": "no"
},
{
    "option_id": "4773",
    "option_name": "_options_bg_color3",
    "option_value": "field_61d372b262ec4",
    "autoload": "no"
},
{
    "option_id": "4774",
    "option_name": "options_text_font_weight",
    "option_value": "",
    "autoload": "no"
},
{
    "option_id": "4775",
    "option_name": "_options_text_font_weight",
    "option_value": "field_61d379f4313c0",
    "autoload": "no"
},
{
    "option_id": "4776",
    "option_name": "options_text_letter_spacing",
    "option_value": "",
    "autoload": "no"
},
{
    "option_id": "4777",
    "option_name": "_options_text_letter_spacing",
    "option_value": "field_61d37a92313c2",
    "autoload": "no"
},
{
    "option_id": "4778",
    "option_name": "options_heading1_font_size",
    "option_value": "",
    "autoload": "no"
},
{
    "option_id": "4779",
    "option_name": "_options_heading1_font_size",
    "option_value": "field_5eea66185ad1d",
    "autoload": "no"
},
{
    "option_id": "4780",
    "option_name": "options_heading1_font_weight",
    "option_value": "",
    "autoload": "no"
},
{
    "option_id": "4781",
    "option_name": "_options_heading1_font_weight",
    "option_value": "field_61d37b951baed",
    "autoload": "no"
},
{
    "option_id": "4782",
    "option_name": "options_heading1_font_family",
    "option_value": "0",
    "autoload": "no"
},
{
    "option_id": "4783",
    "option_name": "_options_heading1_font_family",
    "option_value": "field_5b68cfc4906fc",
    "autoload": "no"
},
{
    "option_id": "4784",
    "option_name": "options_heading1_letter_spacing",
    "option_value": "",
    "autoload": "no"
},
{
    "option_id": "4785",
    "option_name": "_options_heading1_letter_spacing",
    "option_value": "field_61d37c011baee",
    "autoload": "no"
},
{
    "option_id": "4786",
    "option_name": "options_heading2_font_size",
    "option_value": "",
    "autoload": "no"
},
{
    "option_id": "4787",
    "option_name": "_options_heading2_font_size",
    "option_value": "field_61d376e1e25fd",
    "autoload": "no"
},
{
    "option_id": "4788",
    "option_name": "options_heading2_font_weight",
    "option_value": "",
    "autoload": "no"
},
{
    "option_id": "4789",
    "option_name": "_options_heading2_font_weight",
    "option_value": "field_61d37c271baef",
    "autoload": "no"
},
{
    "option_id": "4790",
    "option_name": "options_heading2_font_family",
    "option_value": "0",
    "autoload": "no"
},
{
    "option_id": "4791",
    "option_name": "_options_heading2_font_family",
    "option_value": "field_61d376e7e25fe",
    "autoload": "no"
},
{
    "option_id": "4792",
    "option_name": "options_heading2_letter_spacing",
    "option_value": "",
    "autoload": "no"
},
{
    "option_id": "4793",
    "option_name": "_options_heading2_letter_spacing",
    "option_value": "field_61d37c451baf0",
    "autoload": "no"
},
{
    "option_id": "4794",
    "option_name": "options_heading3_font_size",
    "option_value": "",
    "autoload": "no"
},
{
    "option_id": "4795",
    "option_name": "_options_heading3_font_size",
    "option_value": "field_61d37849e2600",
    "autoload": "no"
},
{
    "option_id": "4796",
    "option_name": "options_heading3_font_weight",
    "option_value": "",
    "autoload": "no"
},
{
    "option_id": "4797",
    "option_name": "_options_heading3_font_weight",
    "option_value": "field_61d37c871baf3",
    "autoload": "no"
},
{
    "option_id": "4798",
    "option_name": "options_heading3_font_family",
    "option_value": "0",
    "autoload": "no"
},
{
    "option_id": "4799",
    "option_name": "_options_heading3_font_family",
    "option_value": "field_61d3782fe25ff",
    "autoload": "no"
},
{
    "option_id": "4800",
    "option_name": "options_heading3_letter_spacing",
    "option_value": "",
    "autoload": "no"
},
{
    "option_id": "4801",
    "option_name": "_options_heading3_letter_spacing",
    "option_value": "field_61d37c801baf2",
    "autoload": "no"
},
{
    "option_id": "4802",
    "option_name": "options_heading4_font_size",
    "option_value": "",
    "autoload": "no"
},
{
    "option_id": "4803",
    "option_name": "_options_heading4_font_size",
    "option_value": "field_61d37872e2602",
    "autoload": "no"
},
{
    "option_id": "4804",
    "option_name": "options_heading4_font_weight",
    "option_value": "",
    "autoload": "no"
},
{
    "option_id": "4805",
    "option_name": "_options_heading4_font_weight",
    "option_value": "field_61d37cd31baf6",
    "autoload": "no"
},
{
    "option_id": "4806",
    "option_name": "options_heading4_font_family",
    "option_value": "0",
    "autoload": "no"
},
{
    "option_id": "4807",
    "option_name": "_options_heading4_font_family",
    "option_value": "field_61d37861e2601",
    "autoload": "no"
},
{
    "option_id": "4808",
    "option_name": "options_heading4_letter_spacing",
    "option_value": "",
    "autoload": "no"
},
{
    "option_id": "4809",
    "option_name": "_options_heading4_letter_spacing",
    "option_value": "field_61d37cce1baf5",
    "autoload": "no"
},
{
    "option_id": "4810",
    "option_name": "options_menu_font_weight",
    "option_value": "",
    "autoload": "no"
},
{
    "option_id": "4811",
    "option_name": "_options_menu_font_weight",
    "option_value": "field_61d37d191baf8",
    "autoload": "no"
},
{
    "option_id": "4812",
    "option_name": "options_menu_letter_spacing",
    "option_value": "",
    "autoload": "no"
},
{
    "option_id": "4813",
    "option_name": "_options_menu_letter_spacing",
    "option_value": "field_61d37d1e1baf9",
    "autoload": "no"
},
{
    "option_id": "4814",
    "option_name": "options_btn_text_color",
    "option_value": "",
    "autoload": "no"
},
{
    "option_id": "4815",
    "option_name": "_options_btn_text_color",
    "option_value": "field_61d38349a9101",
    "autoload": "no"
},
{
    "option_id": "4816",
    "option_name": "options_btn_bg_color",
    "option_value": "",
    "autoload": "no"
},
{
    "option_id": "4817",
    "option_name": "_options_btn_bg_color",
    "option_value": "field_61d383aea9102",
    "autoload": "no"
},
{
    "option_id": "4818",
    "option_name": "options_btn_border_color",
    "option_value": "",
    "autoload": "no"
},
{
    "option_id": "4819",
    "option_name": "_options_btn_border_color",
    "option_value": "field_61d383e0a9103",
    "autoload": "no"
},
{
    "option_id": "4820",
    "option_name": "options_btn_font_size",
    "option_value": "",
    "autoload": "no"
},
{
    "option_id": "4821",
    "option_name": "_options_btn_font_size",
    "option_value": "field_61d380e4a90fb",
    "autoload": "no"
},
{
    "option_id": "4822",
    "option_name": "options_btn_font_weight",
    "option_value": "",
    "autoload": "no"
},
{
    "option_id": "4823",
    "option_name": "_options_btn_font_weight",
    "option_value": "field_61d380eda90fc",
    "autoload": "no"
},
{
    "option_id": "4824",
    "option_name": "options_btn_font_family",
    "option_value": "0",
    "autoload": "no"
},
{
    "option_id": "4825",
    "option_name": "_options_btn_font_family",
    "option_value": "field_61d380f3a90fd",
    "autoload": "no"
},
{
    "option_id": "4826",
    "option_name": "options_btn_letter_spacing",
    "option_value": "",
    "autoload": "no"
},
{
    "option_id": "4827",
    "option_name": "_options_btn_letter_spacing",
    "option_value": "field_61d38119a90fe",
    "autoload": "no"
},
{
    "option_id": "4828",
    "option_name": "options_btn_border_size",
    "option_value": "",
    "autoload": "no"
},
{
    "option_id": "4829",
    "option_name": "_options_btn_border_size",
    "option_value": "field_61d3821ba90ff",
    "autoload": "no"
},
{
    "option_id": "4830",
    "option_name": "options_btn_border_radius",
    "option_value": "",
    "autoload": "no"
},
{
    "option_id": "4831",
    "option_name": "_options_btn_border_radius",
    "option_value": "field_61d382fba9100",
    "autoload": "no"
},
{
    "option_id": "4867",
    "option_name": "options_brc_text_color",
    "option_value": "",
    "autoload": "no"
},
{
    "option_id": "4868",
    "option_name": "_options_brc_text_color",
    "option_value": "field_61d529d613b84",
    "autoload": "no"
},
{
    "option_id": "4869",
    "option_name": "options_brc_bg_color",
    "option_value": "",
    "autoload": "no"
},
{
    "option_id": "4870",
    "option_name": "_options_brc_bg_color",
    "option_value": "field_61d529da13b85",
    "autoload": "no"
},
{
    "option_id": "4871",
    "option_name": "options_brc_border_color",
    "option_value": "",
    "autoload": "no"
},
{
    "option_id": "4872",
    "option_name": "_options_brc_border_color",
    "option_value": "field_61d529de13b86",
    "autoload": "no"
},
{
    "option_id": "4873",
    "option_name": "options_brc_font_size",
    "option_value": "",
    "autoload": "no"
},
{
    "option_id": "4874",
    "option_name": "_options_brc_font_size",
    "option_value": "field_61d52a9313b88",
    "autoload": "no"
},
{
    "option_id": "4875",
    "option_name": "options_brc_font_weight",
    "option_value": "",
    "autoload": "no"
},
{
    "option_id": "4876",
    "option_name": "_options_brc_font_weight",
    "option_value": "field_61d52a9d13b89",
    "autoload": "no"
},
{
    "option_id": "4877",
    "option_name": "options_brc_font_family",
    "option_value": "0",
    "autoload": "no"
},
{
    "option_id": "4878",
    "option_name": "_options_brc_font_family",
    "option_value": "field_61d52aa513b8a",
    "autoload": "no"
},
{
    "option_id": "4879",
    "option_name": "options_brc_letter_spacing",
    "option_value": "",
    "autoload": "no"
},
{
    "option_id": "4880",
    "option_name": "_options_brc_letter_spacing",
    "option_value": "field_61d52aab13b8b",
    "autoload": "no"
},
{
    "option_id": "4881",
    "option_name": "options_brc_border_size",
    "option_value": "",
    "autoload": "no"
},
{
    "option_id": "4882",
    "option_name": "_options_brc_border_size",
    "option_value": "field_61d52b4613b8d",
    "autoload": "no"
},
{
    "option_id": "4883",
    "option_name": "options_brc_border_radius",
    "option_value": "",
    "autoload": "no"
},
{
    "option_id": "4884",
    "option_name": "_options_brc_border_radius",
    "option_value": "field_61d52b4913b8e",
    "autoload": "no"
},
{
    "option_id": "7720",
    "option_name": "options_shop_title",
    "option_value": "Online Store",
    "autoload": "no"
},
{
    "option_id": "7721",
    "option_name": "_options_shop_title",
    "option_value": "field_61e6bea450d26",
    "autoload": "no"
},
{
    "option_id": "7722",
    "option_name": "options_shop_description",
    "option_value": "Consectetur adipisicing elit. Nihil, illum voluptate eveniet ex fugit ea delectus, sed voluptatem. Laborum \r\naccusantium libero commodi id officiis itaque esse adipisci, necessitatibus asperiores, illo odio.\r\n\r\n",
    "autoload": "no"
},
{
    "option_id": "7723",
    "option_name": "_options_shop_description",
    "option_value": "field_61e6beca50d27",
    "autoload": "no"
},
{
    "option_id": "7724",
    "option_name": "options_shop_list_args_sidebar",
    "option_value": "0",
    "autoload": "no"
},
{
    "option_id": "7725",
    "option_name": "_options_shop_list_args_sidebar",
    "option_value": "field_61e6bf83346f7",
    "autoload": "no"
},
{
    "option_id": "7726",
    "option_name": "options_shop_list_args",
    "option_value": "",
    "autoload": "no"
},
{
    "option_id": "7727",
    "option_name": "_options_shop_list_args",
    "option_value": "field_61e6bf1d346f6",
    "autoload": "no"
}

]
}
